Start Time	End Time	Active Appliances
2013-04-06 14:30:00	2013-04-06 15:00:00	{'2-26976.0'}
2013-04-07 15:30:00	2013-04-07 16:00:00	{'2-1.0'}
2013-03-02 00:00:00	2013-03-02 00:30:00	{'5-40018.0', '3-658321.0'}
2013-03-02 00:30:00	2013-03-02 01:00:00	{'5-47184.0', '3-622835.0'}
2013-03-02 01:00:00	2013-03-02 01:30:00	{'5-77783.0', '3-675536.0'}
2013-03-04 09:00:00	2013-03-04 09:30:00	{'3-6580.0'}
2013-03-04 09:30:00	2013-03-04 10:00:00	{'3-7514.0'}
2013-03-04 10:00:00	2013-03-04 10:30:00	{'3-8034.0'}
2013-03-11 21:30:00	2013-03-11 22:00:00	{'3-134692.0', '4-3620.0'}
2013-03-11 22:00:00	2013-03-11 22:30:00	{'3-677957.0', '4-5128.0'}
2013-03-11 22:30:00	2013-03-11 23:00:00	{'3-619793.0'}
2013-03-11 23:00:00	2013-03-11 23:30:00	{'3-661496.0', '4-2628.0'}
2013-03-11 23:30:00	2013-03-11 00:00:00	{'4-6427.0', '3-619664.0'}
2013-03-12 01:00:00	2013-03-12 01:30:00	{'4-5903.0', '3-280079.0'}
2013-03-12 01:30:00	2013-03-12 02:00:00	{'3-331296.0', '4-5423.0'}
2013-03-12 02:00:00	2013-03-12 02:30:00	{'4-5527.0', '3-354051.0'}
2013-03-12 02:30:00	2013-03-12 03:00:00	{'4-4840.0', '3-331878.0'}
2013-03-12 03:00:00	2013-03-12 03:30:00	{'4-4915.0', '3-356223.0'}
2013-03-12 03:30:00	2013-03-12 04:00:00	{'3-328917.5', '4-5000.0'}
2013-03-12 04:00:00	2013-03-12 04:30:00	{'4-5056.0', '3-346934.0'}
2013-03-12 04:30:00	2013-03-12 05:00:00	{'4-4901.0', '3-324828.0'}
2013-03-12 05:00:00	2013-03-12 05:30:00	{'3-346956.5', '4-5415.0'}
2013-03-12 05:30:00	2013-03-12 06:00:00	{'3-326399.0', '4-4848.0'}
2013-03-12 06:00:00	2013-03-12 06:30:00	{'4-5153.0', '3-347486.0'}
2013-03-12 06:30:00	2013-03-12 07:00:00	{'3-324280.5', '4-4985.0'}
2013-03-12 07:00:00	2013-03-12 07:30:00	{'4-5272.0', '3-344886.0'}
2013-03-12 07:30:00	2013-03-12 08:00:00	{'3-319366.0', '4-4868.5'}
2013-03-13 06:00:00	2013-03-13 06:30:00	{'3-245339.0'}
2013-03-13 06:30:00	2013-03-13 07:00:00	{'3-324802.0'}
2013-03-13 07:00:00	2013-03-13 07:30:00	{'3-345591.0'}
2013-03-13 07:30:00	2013-03-13 08:00:00	{'3-321973.0'}
2013-03-13 23:00:00	2013-03-13 23:30:00	{'5-78214.0', '3-452219.0'}
2013-03-13 23:30:00	2013-03-13 00:00:00	{'4-6594.0', '3-591702.0'}
2013-03-14 06:00:00	2013-03-14 06:30:00	{'3-267899.0'}
2013-03-14 06:30:00	2013-03-14 07:00:00	{'3-321002.0'}
2013-03-14 07:00:00	2013-03-14 07:30:00	{'3-346424.0', '4-930.0'}
2013-03-14 07:30:00	2013-03-14 08:00:00	{'3-318284.0'}
2013-03-16 00:00:00	2013-03-16 00:30:00	{'3-108037.0'}
2013-03-16 00:30:00	2013-03-16 01:00:00	{'3-329610.0'}
2013-03-16 01:00:00	2013-03-16 01:30:00	{'3-353188.0'}
2013-03-16 01:30:00	2013-03-16 02:00:00	{'3-324170.0'}
2013-03-16 02:00:00	2013-03-16 02:30:00	{'3-347897.0'}
2013-03-16 02:30:00	2013-03-16 03:00:00	{'3-326912.0'}
2013-03-16 03:00:00	2013-03-16 03:30:00	{'3-352287.0'}
2013-03-16 03:30:00	2013-03-16 04:00:00	{'3-329091.0'}
2013-03-16 04:00:00	2013-03-16 04:30:00	{'3-346308.0'}
2013-03-16 04:30:00	2013-03-16 05:00:00	{'3-324452.0'}
2013-03-16 05:00:00	2013-03-16 05:30:00	{'3-346390.0'}
2013-03-16 05:30:00	2013-03-16 06:00:00	{'3-323539.0'}
2013-03-16 06:00:00	2013-03-16 06:30:00	{'3-344368.0'}
2013-03-16 06:30:00	2013-03-16 07:00:00	{'3-323159.0'}
2013-03-20 07:30:00	2013-03-20 08:00:00	{'3-253986.0'}
2013-03-25 22:30:00	2013-03-25 23:00:00	{'5-62955.0', '3-426631.0'}
2013-03-25 23:00:00	2013-03-25 23:30:00	{'3-636032.0', '5-41967.0'}
2013-03-25 23:30:00	2013-03-25 00:00:00	{'3-616332.0', '4-17277.0'}
2013-03-26 00:00:00	2013-03-26 00:30:00	{'4-26909.0', '3-613920.0'}
2013-03-29 13:30:00	2013-03-29 14:00:00	{'3-280561.0'}
2013-03-29 14:00:00	2013-03-29 14:30:00	{'3-638717.0'}
2013-04-02 07:30:00	2013-04-02 08:00:00	{'3-362175.0'}
2013-04-02 22:30:00	2013-04-02 23:00:00	{'3-125874.0'}
2013-04-04 07:00:00	2013-04-04 07:30:00	{'4-7159.0', '3-167797.0'}
2013-04-07 05:00:00	2013-04-07 05:30:00	{'3-291532.0'}
2013-04-07 05:30:00	2013-04-07 06:00:00	{'3-330841.0'}
2013-04-07 06:00:00	2013-04-07 06:30:00	{'3-354068.0'}
2013-04-07 06:30:00	2013-04-07 07:00:00	{'3-330102.0'}
2013-04-07 07:00:00	2013-04-07 07:30:00	{'3-352024.0'}
2013-04-07 07:30:00	2013-04-07 08:00:00	{'3-329303.0'}
2013-04-07 08:00:00	2013-04-07 08:30:00	{'3-351320.0'}
2013-04-07 08:30:00	2013-04-07 09:00:00	{'3-323141.0'}
2013-04-07 09:00:00	2013-04-07 09:30:00	{'3-342680.0'}
2013-04-07 09:30:00	2013-04-07 10:00:00	{'3-322556.0'}
2013-04-07 10:00:00	2013-04-07 10:30:00	{'3-345380.0'}
2013-04-07 10:30:00	2013-04-07 11:00:00	{'3-344767.0'}
2013-04-07 11:00:00	2013-04-07 11:30:00	{'3-523305.0'}
2013-04-07 11:30:00	2013-04-07 12:00:00	{'3-488834.0'}
2013-02-27 23:30:00	2013-02-27 00:00:00	{'4-15426.0'}
2013-02-28 00:00:00	2013-02-28 00:30:00	{'4-8288.0'}
2013-02-28 00:30:00	2013-02-28 01:00:00	{'4-4952.0'}
2013-02-28 01:00:00	2013-02-28 01:30:00	{'4-4823.0'}
2013-02-28 01:30:00	2013-02-28 02:00:00	{'4-4300.0'}
2013-02-28 02:00:00	2013-02-28 02:30:00	{'4-4584.0'}
2013-02-28 02:30:00	2013-02-28 03:00:00	{'4-4091.0'}
2013-02-28 03:00:00	2013-02-28 03:30:00	{'4-4488.0'}
2013-02-28 03:30:00	2013-02-28 04:00:00	{'4-4175.0'}
2013-02-28 04:00:00	2013-02-28 04:30:00	{'4-4545.0'}
2013-02-28 04:30:00	2013-02-28 05:00:00	{'4-4440.0'}
2013-02-28 05:00:00	2013-02-28 05:30:00	{'4-5479.0'}
2013-02-28 05:30:00	2013-02-28 06:00:00	{'4-4745.0'}
2013-02-28 06:00:00	2013-02-28 06:30:00	{'4-4843.0'}
2013-02-28 06:30:00	2013-02-28 07:00:00	{'4-4265.0'}
2013-02-28 07:00:00	2013-02-28 07:30:00	{'4-4343.0'}
2013-03-01 00:00:00	2013-03-01 00:30:00	{'4-6464.0'}
2013-03-01 00:30:00	2013-03-01 01:00:00	{'4-25271.0'}
2013-03-01 01:00:00	2013-03-01 01:30:00	{'4-26064.0'}
2013-03-01 01:30:00	2013-03-01 02:00:00	{'4-15454.0'}
2013-03-01 02:00:00	2013-03-01 02:30:00	{'4-9949.0'}
2013-03-01 02:30:00	2013-03-01 03:00:00	{'4-8181.0'}
2013-03-01 03:00:00	2013-03-01 03:30:00	{'4-8097.0'}
2013-03-01 03:30:00	2013-03-01 04:00:00	{'4-7561.0'}
2013-03-01 04:00:00	2013-03-01 04:30:00	{'4-8104.0'}
2013-03-01 04:30:00	2013-03-01 05:00:00	{'4-7621.0'}
2013-03-01 05:00:00	2013-03-01 05:30:00	{'4-8113.0'}
2013-03-01 05:30:00	2013-03-01 06:00:00	{'4-7506.0'}
2013-03-01 06:00:00	2013-03-01 06:30:00	{'4-8061.0'}
2013-03-01 06:30:00	2013-03-01 07:00:00	{'4-7472.0'}
2013-03-01 07:00:00	2013-03-01 07:30:00	{'4-8015.0'}
2013-03-02 18:00:00	2013-03-02 18:30:00	{'4-5010.0'}
2013-03-02 18:30:00	2013-03-02 19:00:00	{'4-24942.0'}
2013-03-02 19:00:00	2013-03-02 19:30:00	{'4-27181.0'}
2013-03-02 19:30:00	2013-03-02 20:00:00	{'4-23739.0'}
2013-03-02 20:00:00	2013-03-02 20:30:00	{'4-18306.0'}
2013-03-02 20:30:00	2013-03-02 21:00:00	{'4-9763.0'}
2013-03-02 21:00:00	2013-03-02 21:30:00	{'4-6399.0'}
2013-03-02 21:30:00	2013-03-02 22:00:00	{'4-5105.0'}
2013-03-02 22:00:00	2013-03-02 22:30:00	{'4-5434.0'}
2013-03-02 22:30:00	2013-03-02 23:00:00	{'4-5252.0'}
2013-03-02 23:00:00	2013-03-02 23:30:00	{'4-5591.0'}
2013-03-02 23:30:00	2013-03-02 00:00:00	{'4-5099.0'}
2013-03-03 00:00:00	2013-03-03 00:30:00	{'4-5412.0'}
2013-03-03 00:30:00	2013-03-03 01:00:00	{'4-5234.0'}
2013-03-03 01:00:00	2013-03-03 01:30:00	{'4-5596.0'}
2013-03-03 01:30:00	2013-03-03 02:00:00	{'4-1198.0'}
2013-03-03 02:00:00	2013-03-03 02:30:00	{'4-5488.0'}
2013-03-03 02:30:00	2013-03-03 03:00:00	{'4-5415.0'}
2013-03-03 03:00:00	2013-03-03 03:30:00	{'4-5647.0'}
2013-03-03 03:30:00	2013-03-03 04:00:00	{'4-5253.0'}
2013-03-03 04:00:00	2013-03-03 04:30:00	{'4-5707.0'}
2013-03-03 04:30:00	2013-03-03 05:00:00	{'4-5330.0'}
2013-03-03 05:00:00	2013-03-03 05:30:00	{'4-5647.0'}
2013-03-03 05:30:00	2013-03-03 06:00:00	{'4-5338.0'}
2013-03-03 06:00:00	2013-03-03 06:30:00	{'4-5772.0'}
2013-03-03 06:30:00	2013-03-03 07:00:00	{'4-5378.0'}
2013-03-03 07:00:00	2013-03-03 07:30:00	{'4-5871.0'}
2013-03-03 07:30:00	2013-03-03 08:00:00	{'4-5394.0'}
2013-03-03 08:00:00	2013-03-03 08:30:00	{'4-5707.0'}
2013-03-03 08:30:00	2013-03-03 09:00:00	{'4-5255.0'}
2013-03-03 09:00:00	2013-03-03 09:30:00	{'4-5745.0'}
2013-03-03 09:30:00	2013-03-03 10:00:00	{'4-5412.0'}
2013-03-03 10:00:00	2013-03-03 10:30:00	{'4-5936.0'}
2013-03-03 10:30:00	2013-03-03 11:00:00	{'4-5357.0'}
2013-03-03 11:00:00	2013-03-03 11:30:00	{'4-6043.0'}
2013-03-03 11:30:00	2013-03-03 12:00:00	{'4-5520.0'}
2013-03-03 12:00:00	2013-03-03 12:30:00	{'4-5734.0'}
2013-03-03 12:30:00	2013-03-03 13:00:00	{'4-5214.0'}
2013-03-03 13:00:00	2013-03-03 13:30:00	{'4-5685.0'}
2013-03-03 13:30:00	2013-03-03 14:00:00	{'4-5366.0'}
2013-03-03 14:00:00	2013-03-03 14:30:00	{'4-5840.0'}
2013-03-03 14:30:00	2013-03-03 15:00:00	{'4-5468.0'}
2013-03-03 15:00:00	2013-03-03 15:30:00	{'4-5854.0'}
2013-03-03 15:30:00	2013-03-03 16:00:00	{'4-5436.0'}
2013-03-03 16:00:00	2013-03-03 16:30:00	{'4-5902.0'}
2013-03-03 16:30:00	2013-03-03 17:00:00	{'4-5412.0'}
2013-03-03 17:00:00	2013-03-03 17:30:00	{'4-5794.0'}
2013-03-03 17:30:00	2013-03-03 18:00:00	{'4-5404.0'}
2013-03-03 18:00:00	2013-03-03 18:30:00	{'4-5874.0'}
2013-03-03 18:30:00	2013-03-03 19:00:00	{'4-5342.0'}
2013-03-03 19:00:00	2013-03-03 19:30:00	{'4-5727.0'}
2013-03-03 19:30:00	2013-03-03 20:00:00	{'4-5272.0'}
2013-03-03 20:00:00	2013-03-03 20:30:00	{'4-5778.0'}
2013-03-03 20:30:00	2013-03-03 21:00:00	{'4-5458.0'}
2013-03-03 21:00:00	2013-03-03 21:30:00	{'4-5817.0'}
2013-03-03 21:30:00	2013-03-03 22:00:00	{'4-5404.0'}
2013-03-03 22:00:00	2013-03-03 22:30:00	{'4-5795.0'}
2013-03-03 22:30:00	2013-03-03 23:00:00	{'4-5415.0'}
2013-03-03 23:00:00	2013-03-03 23:30:00	{'4-5863.0'}
2013-03-03 23:30:00	2013-03-03 00:00:00	{'4-5470.0'}
2013-03-04 00:00:00	2013-03-04 00:30:00	{'4-5812.0'}
2013-03-04 00:30:00	2013-03-04 01:00:00	{'4-5458.0'}
2013-03-04 01:00:00	2013-03-04 01:30:00	{'4-5807.0'}
2013-03-04 01:30:00	2013-03-04 02:00:00	{'4-5454.0'}
2013-03-04 02:00:00	2013-03-04 02:30:00	{'4-5797.0'}
2013-03-04 02:30:00	2013-03-04 03:00:00	{'4-5444.0'}
2013-03-04 03:00:00	2013-03-04 03:30:00	{'4-5622.0'}
2013-03-04 03:30:00	2013-03-04 04:00:00	{'4-5362.0'}
2013-03-04 04:00:00	2013-03-04 04:30:00	{'4-5599.0'}
2013-03-04 04:30:00	2013-03-04 05:00:00	{'4-5368.0'}
2013-03-04 05:00:00	2013-03-04 05:30:00	{'4-5725.0'}
2013-03-04 05:30:00	2013-03-04 06:00:00	{'4-5421.0'}
2013-03-04 06:00:00	2013-03-04 06:30:00	{'4-5701.0'}
2013-03-04 06:30:00	2013-03-04 07:00:00	{'4-5268.0'}
2013-03-04 07:00:00	2013-03-04 07:30:00	{'4-5735.0'}
2013-03-04 07:30:00	2013-03-04 08:00:00	{'4-5475.0'}
2013-03-05 00:00:00	2013-03-05 00:30:00	{'4-22758.0'}
2013-03-05 00:30:00	2013-03-05 01:00:00	{'4-16625.0'}
2013-03-05 01:00:00	2013-03-05 01:30:00	{'4-10239.0'}
2013-03-05 01:30:00	2013-03-05 02:00:00	{'4-7190.0'}
2013-03-05 02:00:00	2013-03-05 02:30:00	{'4-7630.0'}
2013-03-05 02:30:00	2013-03-05 03:00:00	{'4-7128.0'}
2013-03-05 03:00:00	2013-03-05 03:30:00	{'4-7551.0'}
2013-03-05 03:30:00	2013-03-05 04:00:00	{'4-7083.0'}
2013-03-05 04:00:00	2013-03-05 04:30:00	{'4-7459.0'}
2013-03-05 04:30:00	2013-03-05 05:00:00	{'4-7009.0'}
2013-03-05 05:00:00	2013-03-05 05:30:00	{'4-7521.0'}
2013-03-05 05:30:00	2013-03-05 06:00:00	{'4-7095.0'}
2013-03-05 06:00:00	2013-03-05 06:30:00	{'4-7666.0'}
2013-03-05 06:30:00	2013-03-05 07:00:00	{'4-7102.0'}
2013-03-05 07:00:00	2013-03-05 07:30:00	{'4-7596.0'}
2013-03-05 07:30:00	2013-03-05 08:00:00	{'4-7220.0'}
2013-03-05 23:30:00	2013-03-05 00:00:00	{'4-12919.0'}
2013-03-06 00:00:00	2013-03-06 00:30:00	{'4-10976.0'}
2013-03-06 23:30:00	2013-03-06 00:00:00	{'4-3938.0'}
2013-03-07 00:00:00	2013-03-07 00:30:00	{'4-14768.0'}
2013-03-07 00:30:00	2013-03-07 01:00:00	{'4-4871.0'}
2013-03-07 07:30:00	2013-03-07 08:00:00	{'4-1191.0'}
2013-03-07 23:30:00	2013-03-07 00:00:00	{'4-22197.5'}
2013-03-08 00:00:00	2013-03-08 00:30:00	{'4-20302.0'}
2013-03-08 00:30:00	2013-03-08 01:00:00	{'4-11509.0'}
2013-03-11 09:30:00	2013-03-11 10:00:00	{'4-6142.0'}
2013-03-11 10:00:00	2013-03-11 10:30:00	{'4-24721.0'}
2013-03-11 10:30:00	2013-03-11 11:00:00	{'4-11707.0'}
2013-03-11 12:30:00	2013-03-11 13:00:00	{'4-3290.0'}
2013-03-11 15:30:00	2013-03-11 16:00:00	{'4-10291.0'}
2013-03-11 16:00:00	2013-03-11 16:30:00	{'4-21310.0'}
2013-03-11 16:30:00	2013-03-11 17:00:00	{'4-12148.0'}
2013-03-11 17:00:00	2013-03-11 17:30:00	{'4-1436.0'}
2013-03-11 17:30:00	2013-03-11 18:00:00	{'4-6130.0'}
2013-03-11 18:00:00	2013-03-11 18:30:00	{'4-12576.0'}
2013-03-11 18:30:00	2013-03-11 19:00:00	{'4-11241.0'}
2013-03-11 19:00:00	2013-03-11 19:30:00	{'4-7421.0'}
2013-03-11 19:30:00	2013-03-11 20:00:00	{'4-3745.0'}
2013-03-11 20:00:00	2013-03-11 20:30:00	{'4-5314.0'}
2013-03-11 20:30:00	2013-03-11 21:00:00	{'4-3612.5'}
2013-03-11 21:00:00	2013-03-11 21:30:00	{'4-3930.0'}
2013-03-12 00:00:00	2013-03-12 00:30:00	{'4-6698.0'}
2013-03-12 00:30:00	2013-03-12 01:00:00	{'4-5890.0'}
2013-03-12 23:30:00	2013-03-12 00:00:00	{'4-12061.0'}
2013-03-13 00:00:00	2013-03-13 00:30:00	{'4-26689.0'}
2013-03-13 00:30:00	2013-03-13 01:00:00	{'4-20745.0'}
2013-03-13 01:00:00	2013-03-13 01:30:00	{'4-13204.0'}
2013-03-13 03:00:00	2013-03-13 03:30:00	{'4-84.0'}
2013-03-13 04:00:00	2013-03-13 04:30:00	{'4-0.0'}
2013-03-13 08:00:00	2013-03-13 08:30:00	{'4-3440.5'}
2013-03-14 00:00:00	2013-03-14 00:30:00	{'4-18387.0'}
2013-03-14 00:30:00	2013-03-14 01:00:00	{'4-8060.0'}
2013-03-14 23:00:00	2013-03-14 23:30:00	{'4-6732.0'}
2013-03-14 23:30:00	2013-03-14 00:00:00	{'4-24076.0'}
2013-03-15 00:00:00	2013-03-15 00:30:00	{'4-21939.0'}
2013-03-15 00:30:00	2013-03-15 01:00:00	{'4-20519.0'}
2013-03-15 01:00:00	2013-03-15 01:30:00	{'4-21939.0'}
2013-03-15 01:30:00	2013-03-15 02:00:00	{'4-20519.0'}
2013-03-15 02:00:00	2013-03-15 02:30:00	{'4-21939.0'}
2013-03-15 02:30:00	2013-03-15 03:00:00	{'4-20519.0'}
2013-03-15 03:00:00	2013-03-15 03:30:00	{'4-21939.0'}
2013-03-15 03:30:00	2013-03-15 04:00:00	{'4-20519.0'}
2013-03-15 04:00:00	2013-03-15 04:30:00	{'4-21939.0'}
2013-03-15 04:30:00	2013-03-15 05:00:00	{'4-20519.0'}
2013-03-15 05:00:00	2013-03-15 05:30:00	{'4-21939.0'}
2013-03-15 05:30:00	2013-03-15 06:00:00	{'4-20519.0'}
2013-03-15 06:00:00	2013-03-15 06:30:00	{'4-21939.0'}
2013-03-15 06:30:00	2013-03-15 07:00:00	{'4-20519.0'}
2013-03-15 07:00:00	2013-03-15 07:30:00	{'4-21939.0'}
2013-03-15 07:30:00	2013-03-15 08:00:00	{'4-20519.0'}
2013-03-15 08:00:00	2013-03-15 08:30:00	{'4-21939.0'}
2013-03-15 08:30:00	2013-03-15 09:00:00	{'4-20519.0'}
2013-03-15 09:00:00	2013-03-15 09:30:00	{'4-21939.0'}
2013-03-15 09:30:00	2013-03-15 10:00:00	{'4-20519.0'}
2013-03-15 10:00:00	2013-03-15 10:30:00	{'4-21939.0'}
2013-03-15 10:30:00	2013-03-15 11:00:00	{'4-20519.0'}
2013-03-15 11:00:00	2013-03-15 11:30:00	{'4-21939.0'}
2013-03-15 11:30:00	2013-03-15 12:00:00	{'4-20519.0'}
2013-03-15 12:00:00	2013-03-15 12:30:00	{'4-21939.0'}
2013-03-15 12:30:00	2013-03-15 13:00:00	{'4-20519.0'}
2013-03-15 13:00:00	2013-03-15 13:30:00	{'4-21939.0'}
2013-03-15 13:30:00	2013-03-15 14:00:00	{'4-20519.0'}
2013-03-15 14:00:00	2013-03-15 14:30:00	{'4-21939.0'}
2013-03-15 14:30:00	2013-03-15 15:00:00	{'4-20519.0'}
2013-03-15 15:00:00	2013-03-15 15:30:00	{'4-21939.0'}
2013-03-15 15:30:00	2013-03-15 16:00:00	{'4-20519.0'}
2013-03-15 16:00:00	2013-03-15 16:30:00	{'4-21939.0'}
2013-03-15 16:30:00	2013-03-15 17:00:00	{'4-20519.0'}
2013-03-15 17:00:00	2013-03-15 17:30:00	{'4-21939.0'}
2013-03-15 17:30:00	2013-03-15 18:00:00	{'4-20519.0'}
2013-03-15 18:00:00	2013-03-15 18:30:00	{'4-21939.0'}
2013-03-15 18:30:00	2013-03-15 19:00:00	{'4-20519.0'}
2013-03-17 09:30:00	2013-03-17 10:00:00	{'5-53051.0', '4-17.0'}
2013-03-18 07:30:00	2013-03-18 08:00:00	{'4-310879.0'}
2013-03-19 13:30:00	2013-03-19 14:00:00	{'4-185482.0'}
2013-03-23 14:30:00	2013-03-23 15:00:00	{'4-301573.0'}
2013-03-23 15:00:00	2013-03-23 15:30:00	{'4-672242.0'}
2013-03-23 15:30:00	2013-03-23 16:00:00	{'4-636349.0'}
2013-03-24 17:30:00	2013-03-24 18:00:00	{'4-214312.0'}
2013-03-24 18:00:00	2013-03-24 18:30:00	{'4-678367.0'}
2013-03-25 20:00:00	2013-03-25 20:30:00	{'4-4176.0'}
2013-03-25 20:30:00	2013-03-25 21:00:00	{'4-25200.0'}
2013-03-26 00:30:00	2013-03-26 01:00:00	{'4-18977.0'}
2013-03-26 01:00:00	2013-03-26 01:30:00	{'4-11579.0'}
2013-03-26 01:30:00	2013-03-26 02:00:00	{'4-4999.0'}
2013-03-26 02:00:00	2013-03-26 02:30:00	{'4-10697.0'}
2013-03-26 02:30:00	2013-03-26 03:00:00	{'4-5891.0'}
2013-03-26 03:00:00	2013-03-26 03:30:00	{'4-5958.0'}
2013-03-26 03:30:00	2013-03-26 04:00:00	{'4-5394.0'}
2013-03-26 04:00:00	2013-03-26 04:30:00	{'4-5841.0'}
2013-03-26 04:30:00	2013-03-26 05:00:00	{'4-5391.0'}
2013-03-26 05:00:00	2013-03-26 05:30:00	{'4-5780.0'}
2013-03-26 05:30:00	2013-03-26 06:00:00	{'4-5419.0'}
2013-03-26 06:00:00	2013-03-26 06:30:00	{'4-5824.0'}
2013-03-26 06:30:00	2013-03-26 07:00:00	{'4-5443.0'}
2013-03-26 07:00:00	2013-03-26 07:30:00	{'4-5817.0'}
2013-03-26 07:30:00	2013-03-26 08:00:00	{'4-5524.0'}
2013-03-26 08:00:00	2013-03-26 08:30:00	{'4-8702.0'}
2013-03-26 08:30:00	2013-03-26 09:00:00	{'4-7016.0'}
2013-03-27 01:00:00	2013-03-27 01:30:00	{'4-1897.0'}
2013-03-27 01:30:00	2013-03-27 02:00:00	{'4-25809.0'}
2013-03-27 02:00:00	2013-03-27 02:30:00	{'4-26993.0'}
2013-03-27 02:30:00	2013-03-27 03:00:00	{'4-21923.0'}
2013-03-27 03:00:00	2013-03-27 03:30:00	{'4-15626.0'}
2013-03-27 03:30:00	2013-03-27 04:00:00	{'4-7711.0'}
2013-03-27 04:00:00	2013-03-27 04:30:00	{'4-5516.0'}
2013-03-27 04:30:00	2013-03-27 05:00:00	{'4-5022.0'}
2013-03-27 05:00:00	2013-03-27 05:30:00	{'4-5421.0'}
2013-03-27 05:30:00	2013-03-27 06:00:00	{'4-5095.0'}
2013-03-27 06:00:00	2013-03-27 06:30:00	{'4-5445.0'}
2013-03-27 06:30:00	2013-03-27 07:00:00	{'4-5177.0'}
2013-03-27 07:00:00	2013-03-27 07:30:00	{'4-5520.0'}
2013-03-27 07:30:00	2013-03-27 08:00:00	{'4-5175.0'}
2013-03-27 08:00:00	2013-03-27 08:30:00	{'4-7552.0'}
2013-03-27 09:00:00	2013-03-27 09:30:00	{'4-14283.0'}
2013-03-27 09:30:00	2013-03-27 10:00:00	{'4-14206.0'}
2013-03-27 10:00:00	2013-03-27 10:30:00	{'4-7052.0'}
2013-03-27 10:30:00	2013-03-27 11:00:00	{'4-6231.0'}
2013-03-27 11:00:00	2013-03-27 11:30:00	{'4-6239.0'}
2013-03-28 02:30:00	2013-03-28 03:00:00	{'5-76320.0', '4-3386.0'}
2013-03-28 03:00:00	2013-03-28 03:30:00	{'4-26613.0'}
2013-03-28 03:30:00	2013-03-28 04:00:00	{'4-21010.0'}
2013-03-28 04:00:00	2013-03-28 04:30:00	{'4-14877.0'}
2013-03-28 04:30:00	2013-03-28 05:00:00	{'4-8269.0'}
2013-03-28 05:00:00	2013-03-28 05:30:00	{'4-5753.0'}
2013-03-28 05:30:00	2013-03-28 06:00:00	{'4-5394.0'}
2013-03-28 06:00:00	2013-03-28 06:30:00	{'4-5795.0'}
2013-03-28 06:30:00	2013-03-28 07:00:00	{'4-5496.0'}
2013-03-28 07:00:00	2013-03-28 07:30:00	{'4-5944.0'}
2013-03-28 07:30:00	2013-03-28 08:00:00	{'4-5746.0'}
2013-03-28 08:00:00	2013-03-28 08:30:00	{'4-6289.0'}
2013-03-28 08:30:00	2013-03-28 09:00:00	{'4-7176.0'}
2013-03-28 09:00:00	2013-03-28 09:30:00	{'4-10799.0'}
2013-03-30 11:00:00	2013-03-30 11:30:00	{'4-1293.0'}
2013-03-30 12:00:00	2013-03-30 12:30:00	{'4-18201.0'}
2013-03-30 12:30:00	2013-03-30 13:00:00	{'4-23860.0'}
2013-03-30 13:00:00	2013-03-30 13:30:00	{'4-21403.0'}
2013-03-30 13:30:00	2013-03-30 14:00:00	{'4-14028.0'}
2013-03-30 14:00:00	2013-03-30 14:30:00	{'4-8932.0'}
2013-03-30 14:30:00	2013-03-30 15:00:00	{'4-7237.0'}
2013-03-30 15:00:00	2013-03-30 15:30:00	{'4-7445.0'}
2013-04-01 11:30:00	2013-04-01 12:00:00	{'4-466835.0'}
2013-04-01 12:00:00	2013-04-01 12:30:00	{'4-676758.0'}
2013-04-01 12:30:00	2013-04-01 13:00:00	{'4-638300.0'}
2013-04-01 13:00:00	2013-04-01 13:30:00	{'4-683494.0'}
2013-04-01 14:00:00	2013-04-01 14:30:00	{'4-10264.0'}
2013-04-01 14:30:00	2013-04-01 15:00:00	{'4-26445.0'}
2013-04-01 15:00:00	2013-04-01 15:30:00	{'4-12942.0'}
2013-04-01 15:30:00	2013-04-01 16:00:00	{'4-23032.0'}
2013-04-01 16:00:00	2013-04-01 16:30:00	{'4-12910.0'}
2013-04-01 16:30:00	2013-04-01 17:00:00	{'4-9015.0'}
2013-04-01 23:00:00	2013-04-01 23:30:00	{'4-6530.0'}
2013-04-01 23:30:00	2013-04-01 00:00:00	{'4-16970.0'}
2013-04-02 00:00:00	2013-04-02 00:30:00	{'4-8622.0'}
2013-04-02 02:00:00	2013-04-02 02:30:00	{'4-315.0'}
2013-04-02 03:00:00	2013-04-02 03:30:00	{'4-8.0'}
2013-04-02 04:00:00	2013-04-02 04:30:00	{'4-203.0'}
2013-04-02 05:00:00	2013-04-02 05:30:00	{'4-92.0'}
2013-04-02 05:30:00	2013-04-02 06:00:00	{'4-76.0'}
2013-04-02 06:00:00	2013-04-02 06:30:00	{'4-38.0'}
2013-04-02 06:30:00	2013-04-02 07:00:00	{'4-26.0'}
2013-04-02 07:00:00	2013-04-02 07:30:00	{'4-48.0'}
2013-04-02 13:00:00	2013-04-02 13:30:00	{'4-23906.0'}
2013-04-02 13:30:00	2013-04-02 14:00:00	{'4-26307.0'}
2013-04-02 14:00:00	2013-04-02 14:30:00	{'4-19290.0'}
2013-04-02 14:30:00	2013-04-02 15:00:00	{'4-11070.0'}
2013-04-02 16:00:00	2013-04-02 16:30:00	{'4-146.0'}
2013-04-02 17:00:00	2013-04-02 17:30:00	{'4-6796.0'}
2013-04-02 17:30:00	2013-04-02 18:00:00	{'4-7194.0'}
2013-04-02 23:00:00	2013-04-02 23:30:00	{'4-4400.0'}
2013-04-02 23:30:00	2013-04-02 00:00:00	{'4-26381.0'}
2013-04-03 00:00:00	2013-04-03 00:30:00	{'4-26349.0'}
2013-04-03 00:30:00	2013-04-03 01:00:00	{'4-20689.0'}
2013-04-03 01:00:00	2013-04-03 01:30:00	{'4-15517.0'}
2013-04-03 01:30:00	2013-04-03 02:00:00	{'4-7454.0'}
2013-04-03 02:00:00	2013-04-03 02:30:00	{'4-4840.0'}
2013-04-03 02:30:00	2013-04-03 03:00:00	{'4-4429.0'}
2013-04-03 03:00:00	2013-04-03 03:30:00	{'4-4681.0'}
2013-04-03 03:30:00	2013-04-03 04:00:00	{'4-4374.0'}
2013-04-03 04:00:00	2013-04-03 04:30:00	{'4-4670.0'}
2013-04-03 04:30:00	2013-04-03 05:00:00	{'4-4372.0'}
2013-04-03 05:00:00	2013-04-03 05:30:00	{'4-4671.0'}
2013-04-03 05:30:00	2013-04-03 06:00:00	{'4-4399.0'}
2013-04-03 06:00:00	2013-04-03 06:30:00	{'4-4695.0'}
2013-04-03 06:30:00	2013-04-03 07:00:00	{'4-4393.0'}
2013-04-03 07:00:00	2013-04-03 07:30:00	{'4-4671.0'}
2013-04-03 07:30:00	2013-04-03 08:00:00	{'4-4392.0'}
2013-04-03 08:00:00	2013-04-03 08:30:00	{'4-4648.0'}
2013-04-03 08:30:00	2013-04-03 09:00:00	{'4-4562.0'}
2013-04-03 09:00:00	2013-04-03 09:30:00	{'4-8974.0'}
2013-04-03 09:30:00	2013-04-03 10:00:00	{'4-7578.0'}
2013-04-03 10:00:00	2013-04-03 10:30:00	{'4-6621.0'}
2013-04-03 10:30:00	2013-04-03 11:00:00	{'4-8013.0'}
2013-04-03 11:00:00	2013-04-03 11:30:00	{'4-9121.0'}
2013-04-03 11:30:00	2013-04-03 12:00:00	{'4-9393.0'}
2013-04-03 22:30:00	2013-04-03 23:00:00	{'4-6559.0'}
2013-04-03 23:00:00	2013-04-03 23:30:00	{'4-13207.0'}
2013-04-03 23:30:00	2013-04-03 00:00:00	{'4-10781.0'}
2013-04-04 00:00:00	2013-04-04 00:30:00	{'4-11002.0'}
2013-04-04 00:30:00	2013-04-04 01:00:00	{'4-4936.0'}
2013-04-04 01:00:00	2013-04-04 01:30:00	{'4-8602.0'}
2013-04-04 01:30:00	2013-04-04 02:00:00	{'4-10047.0'}
2013-04-04 02:00:00	2013-04-04 02:30:00	{'4-10291.0'}
2013-04-04 02:30:00	2013-04-04 03:00:00	{'4-9518.0'}
2013-04-04 03:00:00	2013-04-04 03:30:00	{'4-10097.0'}
2013-04-04 03:30:00	2013-04-04 04:00:00	{'4-9271.0'}
2013-04-04 04:00:00	2013-04-04 04:30:00	{'4-9823.0'}
2013-04-04 04:30:00	2013-04-04 05:00:00	{'4-9021.0'}
2013-04-04 05:00:00	2013-04-04 05:30:00	{'4-9448.0'}
2013-04-04 05:30:00	2013-04-04 06:00:00	{'4-8010.0'}
2013-04-04 06:00:00	2013-04-04 06:30:00	{'4-7764.0'}
2013-04-04 06:30:00	2013-04-04 07:00:00	{'4-6715.0'}
2013-04-04 07:30:00	2013-04-04 08:00:00	{'4-6413.0'}
2013-04-04 08:00:00	2013-04-04 08:30:00	{'4-4615.0'}
2013-04-04 08:30:00	2013-04-04 09:00:00	{'4-6476.0'}
2013-04-04 09:00:00	2013-04-04 09:30:00	{'4-8844.0'}
2013-04-04 09:30:00	2013-04-04 10:00:00	{'4-6450.0'}
2013-04-04 10:00:00	2013-04-04 10:30:00	{'4-6960.0'}
2013-04-04 10:30:00	2013-04-04 11:00:00	{'4-6443.0'}
2013-04-04 11:00:00	2013-04-04 11:30:00	{'4-7308.0'}
2013-04-04 12:00:00	2013-04-04 12:30:00	{'4-5517.0'}
2013-02-28 20:00:00	2013-02-28 20:30:00	{'5-28409.0'}
2013-02-28 20:30:00	2013-02-28 21:00:00	{'5-72589.0'}
2013-02-28 21:00:00	2013-02-28 21:30:00	{'5-85435.0'}
2013-02-28 21:30:00	2013-02-28 22:00:00	{'5-79586.0'}
2013-02-28 22:30:00	2013-02-28 23:00:00	{'5-69394.0'}
2013-03-01 20:00:00	2013-03-01 20:30:00	{'5-39012.0'}
2013-03-01 20:30:00	2013-03-01 21:00:00	{'5-37462.0'}
2013-03-01 21:00:00	2013-03-01 21:30:00	{'5-41860.0'}
2013-03-01 21:30:00	2013-03-01 22:00:00	{'5-46813.0'}
2013-03-01 22:00:00	2013-03-01 22:30:00	{'5-70843.0'}
2013-03-01 22:30:00	2013-03-01 23:00:00	{'5-52420.0'}
2013-03-01 23:00:00	2013-03-01 23:30:00	{'5-56906.0'}
2013-03-01 23:30:00	2013-03-01 00:00:00	{'5-34016.0'}
2013-03-08 21:00:00	2013-03-08 21:30:00	{'5-46137.0'}
2013-03-08 21:30:00	2013-03-08 22:00:00	{'5-76293.0'}
2013-03-08 22:00:00	2013-03-08 22:30:00	{'5-81761.0'}
2013-03-08 22:30:00	2013-03-08 23:00:00	{'5-76363.0'}
2013-03-08 23:00:00	2013-03-08 23:30:00	{'5-82092.0'}
2013-03-08 23:30:00	2013-03-08 00:00:00	{'5-77239.0'}
2013-03-09 03:30:00	2013-03-09 04:00:00	{'5-59953.5'}
2013-03-09 04:00:00	2013-03-09 04:30:00	{'5-83958.0'}
2013-03-09 04:30:00	2013-03-09 05:00:00	{'5-77378.0'}
2013-03-09 05:00:00	2013-03-09 05:30:00	{'5-82278.0'}
2013-03-09 05:30:00	2013-03-09 06:00:00	{'5-57934.0'}
2013-03-09 06:00:00	2013-03-09 06:30:00	{'5-57479.0'}
2013-03-09 13:30:00	2013-03-09 14:00:00	{'5-21727.0'}
2013-03-09 14:00:00	2013-03-09 14:30:00	{'5-79027.0'}
2013-03-09 14:30:00	2013-03-09 15:00:00	{'5-61835.0'}
2013-03-10 19:30:00	2013-03-10 20:00:00	{'5-4514.0'}
2013-03-10 20:00:00	2013-03-10 20:30:00	{'5-70824.0'}
2013-03-10 20:30:00	2013-03-10 21:00:00	{'5-65505.0'}
2013-03-10 21:00:00	2013-03-10 21:30:00	{'5-72174.0'}
2013-03-10 21:30:00	2013-03-10 22:00:00	{'5-62913.0'}
2013-03-10 22:00:00	2013-03-10 22:30:00	{'5-78420.0'}
2013-03-10 22:30:00	2013-03-10 23:00:00	{'5-70868.0'}
2013-03-12 21:00:00	2013-03-12 21:30:00	{'5-7379.0'}
2013-03-12 21:30:00	2013-03-12 22:00:00	{'5-34422.0'}
2013-03-12 22:00:00	2013-03-12 22:30:00	{'5-34634.0'}
2013-03-12 22:30:00	2013-03-12 23:00:00	{'5-37491.0'}
2013-03-12 23:00:00	2013-03-12 23:30:00	{'5-39470.0'}
2013-03-13 19:30:00	2013-03-13 20:00:00	{'5-13289.0'}
2013-03-13 20:00:00	2013-03-13 20:30:00	{'5-83445.0'}
2013-03-13 20:30:00	2013-03-13 21:00:00	{'5-79495.0'}
2013-03-13 21:00:00	2013-03-13 21:30:00	{'5-77670.0'}
2013-03-13 21:30:00	2013-03-13 22:00:00	{'5-73654.0'}
2013-03-13 22:00:00	2013-03-13 22:30:00	{'5-51738.0'}
2013-03-13 22:30:00	2013-03-13 23:00:00	{'5-49801.0'}
2013-03-15 19:00:00	2013-03-15 19:30:00	{'5-31678.0'}
2013-03-15 19:30:00	2013-03-15 20:00:00	{'5-77398.0'}
2013-03-15 20:00:00	2013-03-15 20:30:00	{'5-83924.0'}
2013-03-15 20:30:00	2013-03-15 21:00:00	{'5-79893.0'}
2013-03-17 00:00:00	2013-03-17 00:30:00	{'5-76350.0'}
2013-03-17 00:30:00	2013-03-17 01:00:00	{'5-79869.0'}
2013-03-17 01:00:00	2013-03-17 01:30:00	{'5-69631.0'}
2013-03-17 01:30:00	2013-03-17 02:00:00	{'5-75791.0'}
2013-03-17 02:00:00	2013-03-17 02:30:00	{'5-79712.0'}
2013-03-17 02:30:00	2013-03-17 03:00:00	{'5-72725.0'}
2013-03-17 03:00:00	2013-03-17 03:30:00	{'5-81643.0'}
2013-03-17 03:30:00	2013-03-17 04:00:00	{'5-74537.0'}
2013-03-17 04:00:00	2013-03-17 04:30:00	{'5-75466.0'}
2013-03-17 04:30:00	2013-03-17 05:00:00	{'5-78023.0'}
2013-03-17 05:00:00	2013-03-17 05:30:00	{'5-77348.0'}
2013-03-17 05:30:00	2013-03-17 06:00:00	{'5-77915.0'}
2013-03-17 06:00:00	2013-03-17 06:30:00	{'5-77354.0'}
2013-03-17 06:30:00	2013-03-17 07:00:00	{'5-69143.0'}
2013-03-17 07:00:00	2013-03-17 07:30:00	{'5-56055.0'}
2013-03-17 07:30:00	2013-03-17 08:00:00	{'5-39216.0'}
2013-03-17 08:00:00	2013-03-17 08:30:00	{'5-40122.0'}
2013-03-17 08:30:00	2013-03-17 09:00:00	{'5-38010.0'}
2013-03-17 09:00:00	2013-03-17 09:30:00	{'5-38392.0'}
2013-03-17 10:00:00	2013-03-17 10:30:00	{'5-70774.0'}
2013-03-17 10:30:00	2013-03-17 11:00:00	{'5-36999.0'}
2013-03-17 20:00:00	2013-03-17 20:30:00	{'5-70513.0'}
2013-03-17 20:30:00	2013-03-17 21:00:00	{'5-76909.0'}
2013-03-17 21:30:00	2013-03-17 22:00:00	{'5-24764.0'}
2013-03-17 22:00:00	2013-03-17 22:30:00	{'5-83348.0'}
2013-03-17 22:30:00	2013-03-17 23:00:00	{'5-76682.0'}
2013-03-17 23:00:00	2013-03-17 23:30:00	{'5-84870.0'}
2013-03-18 21:30:00	2013-03-18 22:00:00	{'5-15109.0'}
2013-03-18 22:00:00	2013-03-18 22:30:00	{'5-39784.0'}
2013-03-24 19:30:00	2013-03-24 20:00:00	{'5-38220.0'}
2013-03-24 20:00:00	2013-03-24 20:30:00	{'5-60448.0'}
2013-03-24 20:30:00	2013-03-24 21:00:00	{'5-68716.0'}
2013-03-24 21:00:00	2013-03-24 21:30:00	{'5-73449.0'}
2013-03-24 21:30:00	2013-03-24 22:00:00	{'5-55483.0'}
2013-03-24 22:00:00	2013-03-24 22:30:00	{'5-59868.0'}
2013-03-24 22:30:00	2013-03-24 23:00:00	{'5-56454.0'}
2013-03-25 21:00:00	2013-03-25 21:30:00	{'5-7188.0'}
2013-03-25 21:30:00	2013-03-25 22:00:00	{'5-70319.0'}
2013-03-25 22:00:00	2013-03-25 22:30:00	{'5-73204.0'}
2013-03-26 21:00:00	2013-03-26 21:30:00	{'5-37218.0'}
2013-03-27 00:00:00	2013-03-27 00:30:00	{'5-24031.0'}
2013-03-27 00:30:00	2013-03-27 01:00:00	{'5-63379.0'}
2013-03-28 01:00:00	2013-03-28 01:30:00	{'5-4728.0'}
2013-03-28 01:30:00	2013-03-28 02:00:00	{'5-79326.0'}
2013-03-28 02:00:00	2013-03-28 02:30:00	{'5-80097.0'}
2013-03-29 15:30:00	2013-03-29 16:00:00	{'5-45609.0'}
2013-03-29 16:00:00	2013-03-29 16:30:00	{'5-39464.0'}
2013-03-29 16:30:00	2013-03-29 17:00:00	{'5-30958.0'}
2013-03-29 17:00:00	2013-03-29 17:30:00	{'5-38148.0'}
2013-03-29 17:30:00	2013-03-29 18:00:00	{'5-37434.0'}
2013-03-29 23:00:00	2013-03-29 23:30:00	{'5-30178.0'}
2013-03-29 23:30:00	2013-03-29 00:00:00	{'5-66666.0'}
2013-03-30 00:00:00	2013-03-30 00:30:00	{'5-68836.0'}
2013-03-30 00:30:00	2013-03-30 01:00:00	{'5-63059.0'}
2013-04-01 20:30:00	2013-04-01 21:00:00	{'5-61807.0'}
2013-04-01 21:00:00	2013-04-01 21:30:00	{'5-73233.0'}
2013-04-01 21:30:00	2013-04-01 22:00:00	{'5-72155.0'}
2013-04-01 22:00:00	2013-04-01 22:30:00	{'5-71632.0'}
2013-04-01 22:30:00	2013-04-01 23:00:00	{'5-74372.0'}
2013-04-03 21:00:00	2013-04-03 21:30:00	{'5-52252.0'}
2013-04-03 21:30:00	2013-04-03 22:00:00	{'5-65286.0'}
2013-04-07 16:30:00	2013-04-07 17:00:00	{'5-48576.0'}
2013-04-07 17:00:00	2013-04-07 17:30:00	{'5-84950.0'}
2013-04-07 17:30:00	2013-04-07 18:00:00	{'5-74721.0'}
2013-04-07 18:00:00	2013-04-07 18:30:00	{'5-74026.0'}
2013-04-07 18:30:00	2013-04-07 19:00:00	{'5-68346.0'}
2013-04-07 19:00:00	2013-04-07 19:30:00	{'5-69373.5'}
2013-04-07 19:30:00	2013-04-07 20:00:00	{'5-34380.0'}
2013-04-07 20:00:00	2013-04-07 20:30:00	{'5-47851.0'}
2013-04-07 20:30:00	2013-04-07 21:00:00	{'5-68918.0'}
2013-04-07 21:00:00	2013-04-07 21:30:00	{'5-71075.0'}
2013-04-07 21:30:00	2013-04-07 22:00:00	{'5-58685.0'}
2013-04-07 22:00:00	2013-04-07 22:30:00	{'5-62661.0'}
2013-04-07 22:30:00	2013-04-07 23:00:00	{'5-55885.0'}
2013-04-07 23:00:00	2013-04-07 23:30:00	{'5-64288.0'}
2013-04-07 23:30:00	2013-04-07 00:00:00	{'5-51147.5'}
2013-04-08 00:00:00	2013-04-08 00:30:00	{'5-60524.0'}
2013-04-08 00:30:00	2013-04-08 01:00:00	{'5-56777.0'}
